Usuario 1;usuario1@email.com.br;123456
Usuario 2;usuario2@email.com.br;123456
Usuario 3;usuario3@email.com.br;123456
Usuario 4;usuario4@email.com.br;123456
Usuario 5;usuario5@email.com.br;123456
Usuario 6;usuario6@email.com.br;123456
Usuario 7;usuario7@email.com.br;123456
Usuario 8;usuario8@email.com.br;123456
Usuario 9;usuario9@email.com.br;123456
Usuario 10;usuario10@email.com.br;123456
Usuario 11;usuario11@email.com.br;123456
Usuario 12;usuario12@email.com.br;123456
Usuario 13;usuario13@email.com.br;123456
Usuario 14;usuario14@email.com.br;123456
Usuario 15;usuario15@email.com.br;123456
Usuario 16;usuario16@email.com.br;123456
Usuario 17;usuario17@email.com.br;123456
Usuario 18;usuario18@email.com.br;123456
Usuario 19;usuario19@email.com.br;123456
Usuario 20;usuario20@email.com.br;123456
